time,open,high,low,close
2001-11-05,13.77261464,14.09861678,13.70839996,13.87355497
2001-11-12,13.83646038,13.93346235,13.2637233,13.28791835
2001-11-19,12.79674496,13.20388883,12.79674496,13.09187322
2001-11-26,12.9148906,13.22466304,12.9148906,12.99643051
2001-12-03,13.09707955,13.10180603,12.50888454,12.56700344
2001-12-10,12.34012527,12.92838748,12.31296432,12.88208237
2001-12-17,12.87148066,13.31465233,12.87148066,13.22423833
2001-12-24,13.02446355,13.08525997,12.78922233,12.82297322
2001-12-31,12.92539585,12.95786007,12.60224227,12.64762305
2002-01-07,12.43260528,12.88177533,12.42334587,12.49292008
2002-01-14,12.52118863,12.73750689,12.28276834,12.28710547
2002-01-21,12.14843448,12.36998045,11.96162578,11.99169091
2002-01-28,11.73893203,12.07672353,11.68411661,12.0042207
2002-02-04,12.12967452,13.69705331,12.1087685,13.50570397
2002-02-11,13.12280626,13.24350096,12.7878331,12.91784075
2002-02-18,13.14305641,13.18281691,12.80845716,12.93533043
2002-02-25,13.199018,13.5479195,13.02057412,13.27949131
2002-03-04,13.15955778,13.26160425,12.57210255,12.63977666
2002-03-11,12.73728344,12.91927596,12.53273878,12.54572608
2002-03-18,12.80995474,12.93855676,12.56546985,12.82645997
2002-03-25,12.8372385,13.10026907,12.71446654,13.06137663
2002-04-01,12.99968497,13.14979681,12.51988652,12.57862594
2002-04-08,12.62646625,12.64045825,12.38326964,12.62790982
2002-04-15,12.22828568,12.81342927,12.15481801,12.64695946
2002-04-22,12.8183419,13.5561472,12.79715456,13.5028313
2002-04-29,13.38065525,13.77962994,13.2150371,13.70925838
2002-05-06,13.72828905,13.84298555,13.60478935,13.78958381
2002-05-13,13.97592953,14.65000209,13.71712792,14.58897997
2002-05-20,14.26073692,14.66225956,14.19297922,14.56223794
2002-05-27,14.57843452,15.25092044,14.57843452,15.10734967
2002-06-03,15.10568105,15.3869615,14.78207735,15.19920114
2002-06-10,15.43598496,16.32978857,15.31009549,16.12762468
2002-06-17,15.75624497,16.30042851,15.74631039,16.27033541
2002-06-24,16.2424366,17.16271153,15.71785698,15.9102792
2002-07-01,16.32759911,16.39246324,15.91232077,16.11873339
2002-07-08,16.71368778,17.0686063,16.63883441,16.83401516
2002-07-15,17.12965092,17.49290131,16.62878408,17.37481483
2002-07-22,17.33706503,17.35854173,16.3063764,16.44181142
2002-07-29,16.47944387,16.67017817,15.9470275,16.19351795
2002-08-05,16.28420846,16.64047088,15.92225857,16.60349206
2002-08-12,16.50688131,16.67743138,16.31389967,16.54153885
2002-08-19,16.01800831,16.2352911,16.01174696,16.12739319
2002-08-26,16.20384767,16.40941633,16.17240424,16.27631545
2002-09-02,16.29140058,16.77613096,16.26529257,16.69266762
2002-09-09,17.33928665,17.35008994,16.81263813,16.91737562
2002-09-16,16.96983277,17.2868745,16.79863648,17.16953071
2002-09-23,17.09864249,17.40634378,16.97875782,17.06246551
2002-09-30,17.20390789,17.23315719,16.82762681,16.98955404
2002-10-07,17.06122449,17.06651971,16.64202859,16.71869365
2002-10-14,16.73203203,16.80576462,16.43710166,16.65338584
2002-10-21,16.53218717,17.03844247,16.50558242,16.97888642
2002-10-28,16.98379263,17.51209337,16.94605087,17.41416927
2002-11-04,16.71116716,16.90698771,16.50570781,16.63238915
2002-11-11,16.93851071,17.14684675,16.31816672,16.47764439
2002-11-18,16.28151423,16.36825373,16.01408592,16.24448621
2002-11-25,15.96476829,16.04511943,15.62187093,15.67858806
2002-12-02,15.63418016,16.47921753,15.59479936,16.29922607
2002-12-09,16.24577224,16.61635846,16.05640434,16.43443121
2002-12-16,17.08850761,18.719306,17.02754979,17.92077791
2002-12-23,18.61286903,18.82303171,18.15689621,18.53757069
2002-12-30,18.21803857,18.70118906,18.09601909,18.56368031
2003-01-06,19.12792592,19.22778292,18.39249238,18.98813447
2003-01-13,19.05765885,19.30379693,18.54766924,19.15328
2003-01-20,19.02455323,19.75188751,18.88541444,19.62026155
2003-01-27,19.7149664,19.78434771,19.10423821,19.45866997
2003-02-03,19.57932111,20.57482204,19.21519912,19.34609285
2003-02-10,19.19254313,19.35578469,18.41767574,18.60326528
2003-02-17,18.0301943,18.47524969,17.89965423,18.29805406
2003-02-24,18.62585182,18.75610253,17.69090972,17.92152702
2003-03-03,18.15015098,18.64622736,18.0453299,18.22734332
2003-03-10,18.40267581,18.44424029,17.39869801,17.61356145
2003-03-17,17.82407007,18.82940624,17.71806906,18.15267803
2003-03-24,18.21028895,18.47564836,17.98770837,18.14640735
2003-03-31,18.32710226,18.40862852,17.21174785,17.36656816
2003-04-07,17.0670502,17.39478848,16.90843449,17.36829627
2003-04-14,16.91697052,16.99925714,16.7449727,16.7449727
2003-04-21,17.12927636,17.34589041,17.00043064,17.10850537
2003-04-28,17.05223353,17.10323908,16.7906602,16.86988478
2003-05-05,17.01457054,17.14881759,16.52108326,16.83075186
2003-05-12,16.79194912,17.2282026,16.604282,17.10755693
2003-05-19,17.2389088,17.91039676,17.01261256,17.25595674
2003-05-26,17.18118535,17.36672731,16.53871923,16.73844707
2003-06-02,16.90270202,17.12660303,16.62814429,16.71087137
2003-06-09,16.60732668,16.61651215,15.97834394,16.33298114
2003-06-16,16.37370328,16.69620099,16.28363296,16.37874773
2003-06-23,16.33927947,16.43190577,15.54365035,15.63884331
2003-06-30,15.56659737,15.93196809,15.56659737,15.76960039
2003-07-07,15.72020801,15.80186688,15.3887539,15.49209444
2003-07-14,15.36551052,15.69397862,15.10882861,15.65336741
2003-07-21,15.77617844,16.70920275,15.64826348,16.45053231
2003-07-28,16.83045093,16.84428797,15.95769512,15.9854155
2003-08-04,15.7139354,16.13627484,15.67794585,16.0911384
2003-08-11,16.27715651,16.55477628,16.11735589,16.21215767
2003-08-18,16.14798575,16.43787777,15.95381568,16.14522586
2003-08-25,16.03496494,16.98838183,15.96389584,16.88935045
2003-09-01,16.91074452,17.07746383,16.42186188,16.69201657
2003-09-08,16.66720021,17.02475107,16.58696239,16.58696239
2003-09-15,16.51266202,16.82318679,16.35782724,16.75294384
2003-09-22,16.84443843,17.37658634,16.65939481,16.75798829
2003-09-29,17.12986472,17.45268715,16.43033039,16.55133937
2003-10-06,16.32926532,16.77806643,16.31173995,16.51243401
2003-10-13,16.90178733,17.33082779,16.82050702,17.28428958
2003-10-20,17.54633505,18.65793261,17.53222649,18.49142887
2003-10-27,18.84796201,18.87049868,18.19928697,18.30894995
2003-11-03,17.89112849,18.57572077,17.84846284,18.38096119
2003-11-10,18.35974787,18.92883885,18.33737535,18.79619291
2003-11-17,18.30021138,19.00377099,18.28616311,18.72522817
2003-11-24,18.43528309,18.93299594,18.34103318,18.70304737
2003-12-01,18.76422574,18.94460879,18.58381954,18.8861089
2003-12-08,18.70613063,19.05915065,18.65554866,18.92161458
2003-12-15,18.81942754,18.90256526,18.55477006,18.81518114
2003-12-22,18.85594828,18.92513508,18.67998886,18.72999613
2003-12-29,18.68431779,18.83006693,18.55722445,18.59301466
2004-01-05,18.69694194,19.0104712,18.19862145,18.47619813
2004-01-12,18.22689321,18.48373427,17.50888795,17.77421873
2004-01-19,17.47025593,17.72351025,17.32332863,17.37020602
2004-01-26,17.24218336,17.84525098,17.1510601,17.3232595
2004-02-02,17.03787018,17.6131869,16.88783776,17.32099448
2004-02-09,17.61738739,17.77340853,17.09228532,17.23100776
2004-02-16,17.5189193,17.71480415,16.86680088,16.99513059
2004-02-23,16.93971396,17.27040367,16.6962251,16.90342219
2004-03-01,17.04858924,17.14252086,16.60782501,16.9729096
2004-03-08,16.95557713,17.16855172,16.76339926,16.76339926
2004-03-15,16.94019525,17.62058157,16.91815206,17.44273328
2004-03-22,17.70376037,17.96610243,17.59278082,17.90671035
2004-03-29,17.73169937,18.19896225,17.49027308,17.60751695
2004-04-05,17.65252655,18.28290302,17.60578178,17.92845011
2004-04-12,18.43579108,18.56357261,17.35640596,17.50942213
2004-04-19,17.74606272,17.75492025,17.32517729,17.55965751
2004-04-26,18.06085068,18.3432773,17.35282854,17.64033659
2004-05-03,17.99167995,18.98781939,17.99167995,18.41905983
2004-05-10,18.67835238,18.99786329,18.36778582,18.52519587
2004-05-17,18.96332213,19.26571759,18.61810831,19.12138646
2004-05-24,18.85013704,19.14405595,18.68731923,18.98480365
2004-05-31,19.21629546,19.38157602,18.44884428,18.70307952
2004-06-07,18.75092305,18.88091655,18.27019544,18.53329786
2004-06-14,18.4806494,18.90497496,18.40834639,18.83815606
2004-06-21,18.8094149,19.34274917,18.7903045,19.24198069
2004-06-28,19.22600659,19.25960171,18.04109887,18.4777269
2004-07-05,18.41983787,18.96643915,17.99868078,18.89689708
2004-07-12,18.79132368,18.81439184,18.47759669,18.64456516
2004-07-19,18.862372,19.20958238,18.25526946,18.38969012
2004-07-26,18.63447304,18.86464667,18.11645539,18.39915691
2004-08-02,18.45728063,18.75174611,18.31707203,18.67228956
2004-08-09,18.6778219,18.96513383,18.47595379,18.75817304
2004-08-16,18.75107416,19.69417853,18.70438323,19.61332824
2004-08-23,19.85063049,19.92025535,19.50645595,19.63756026
2004-08-30,19.73493844,20.16466854,19.33208316,19.40472375
2004-09-06,19.44663788,19.45630561,19.0383668,19.31562841
2004-09-13,19.39124535,19.8717688,19.36720463,19.79851333
2004-09-20,19.69437706,19.95223328,19.5595304,19.60454787
2004-09-27,19.7362952,20.35814851,19.7362952,20.30481686
2004-10-04,19.97774731,20.32592704,19.9077262,20.24927966
2004-10-11,20.21506859,20.39585292,19.50009581,19.94560807
2004-10-18,19.76059011,20.27498656,19.68940643,20.13488601
2004-10-25,20.35760632,20.38136637,19.87496292,20.21975196
2004-11-01,20.11288397,20.34520848,19.66540763,20.32645714
2004-11-08,20.24239914,20.51047232,20.17685946,20.42969627
2004-11-15,20.36433618,20.77916897,20.34332758,20.70962691
2004-11-22,20.7085804,20.77716276,20.52150003,20.63106977
2004-11-29,20.86450027,20.88750413,19.95938441,20.47889064
2004-12-06,20.26336168,20.62209168,19.7698638,20.03250003
2004-12-13,20.02138391,20.0533305,19.6609771,19.86855373
2004-12-20,19.86666005,19.90707595,19.27748042,19.3915224
2004-12-27,19.25127547,19.37980773,18.87977842,18.91216226
2005-01-03,18.50631374,19.13944231,18.28220374,18.70924604
2005-01-10,18.53169032,18.68199506,18.24011874,18.30945632
2005-01-17,18.18922057,18.51654732,18.15475497,18.46465602
2005-01-24,18.29733549,18.37029357,17.89652017,18.22966621
2005-01-31,17.99220658,18.00073167,17.39599092,17.39599092
2005-02-07,17.63493366,17.90381839,17.52018765,17.81855461
2005-02-14,17.91119602,17.99121312,17.77933199,17.88212178
2005-02-21,17.77000056,18.19792185,17.75335418,18.00088986
2005-02-28,17.89577428,17.92867092,17.40066564,17.59121347
2005-03-07,17.55047365,18.12749564,17.55047365,18.07366436
2005-03-14,18.55267126,18.80155919,18.3688275,18.49521852
2005-03-21,18.33673205,18.72295511,18.16221812,18.4622759
2005-03-28,18.99696307,19.08621354,18.43941832,18.4828154
2005-04-04,18.45924119,18.52017714,18.26963988,18.46265817
2005-04-11,18.53954796,18.78975472,18.36754661,18.60630738
2005-04-18,18.69091432,18.98425966,18.67777946,18.88287695
2005-04-25,18.99414666,19.44383112,18.99414666,19.37701383
2005-05-02,18.75432138,18.80682998,18.35450981,18.42897029
2005-05-09,18.62000842,18.79816375,18.37482522,18.49953958
2005-05-16,18.51588984,18.63003142,18.3729219,18.39632925
2005-05-23,18.56625077,18.66328847,18.33157443,18.46342464
2005-05-30,18.21931206,18.62901706,17.85901633,18.51061229
2005-06-06,18.65971459,18.74873744,18.42812151,18.6643234
2005-06-13,18.98168825,19.13947125,18.7800034,18.99172571
2005-06-20,19.04248531,19.20084847,18.90320313,19.03071492
2005-06-27,19.00519044,19.02681182,18.30249247,18.31964168
2005-07-04,18.43465133,18.59763793,18.19479551,18.24225644
2005-07-11,18.14322893,18.2408836,17.8427384,17.98790545
2005-07-18,17.98685091,18.30506614,17.90991096,18.21928795
2005-07-25,18.33823124,18.35547047,18.06435913,18.22171211
2005-08-01,18.30278987,18.51496068,18.11501986,18.43062927
2005-08-08,18.50838746,19.4621474,18.4317658,19.29343796
2005-08-15,19.15254535,19.60774205,19.08541942,19.21569906
2005-08-22,19.12921757,19.344847,18.96612632,19.05310695
2005-08-29,18.98288988,19.18429261,18.54325334,19.00844731
2005-09-05,18.98976451,19.24680009,18.89590362,19.22111486
2005-09-12,19.2852982,19.82633658,19.09422711,19.80048738
2005-09-19,19.95591052,20.45587232,19.87180739,20.00678136
2005-09-26,20.10617668,20.54828803,19.7653209,20.20006812
2005-10-03,20.11453588,20.58787524,20.06700421,20.56192959
2005-10-10,20.50518352,20.87421301,20.41331277,20.55568029
2005-10-17,20.70055397,20.73989201,20.11787955,20.43022084
2005-10-24,20.17708033,20.59626659,20.16709383,20.4386154
2005-10-31,20.1368202,20.18223185,19.70904102,19.76967089
2005-11-07,20.05034691,20.52809093,19.93905308,20.51909515
2005-11-14,20.36959868,21.45136392,20.34344469,21.31531804
2005-11-21,21.50844757,21.7011913,21.22538597,21.5419165
2005-11-28,21.65634422,22.07401135,21.35903019,21.97163534
2005-12-05,22.07650947,23.15804129,21.85973306,22.9420799
2005-12-12,22.82318483,22.91838963,21.37563284,21.77420564
2005-12-19,21.8330698,22.06307431,21.25154896,21.70956978
2005-12-26,21.75914334,22.43704955,21.75914334,22.21869695
2006-01-02,22.29229049,23.05674007,22.29229049,23.00764685
2006-01-09,23.7228013,23.97733876,23.12734247,23.878472
2006-01-16,24.15787807,24.31535242,23.19912994,23.66037902
2006-01-23,23.7263366,24.02284332,23.47502167,23.68944169
2006-01-30,24.06034556,24.51048575,23.88175781,24.04255495
2006-02-06,24.27971396,24.33854597,23.27355008,23.43311826
2006-02-13,22.98207222,23.52392965,22.76931465,23.42844193
2006-02-20,23.44983825,23.66906133,23.16268302,23.62887258
2006-02-27,23.28112399,23.91927532,23.26850322,23.68249231
2006-03-06,23.6317401,23.92328934,23.14321658,23.4313154
2006-03-13,23.47045652,23.80141068,23.21774201,23.58391522
2006-03-20,23.88866861,24.12837828,23.41567406,24.08451006
2006-03-27,24.58131047,25.40507047,24.3546969,25.1591732
2006-04-03,25.12303142,25.60598788,24.88498649,25.17366724
2006-04-10,25.7923738,25.97298062,25.49566259,25.94161403
2006-04-17,26.31974732,27.54205601,25.90863893,26.94859438
2006-04-24,26.25433051,27.74291779,26.22041019,27.6773367
2006-05-01,27.65642457,28.88186442,27.58673976,28.78273724
2006-05-08,29.12206586,32.77540342,29.09845918,32.07748145
2006-05-15,31.47309403,34.09604678,31.01562588,31.28694121
2006-05-22,31.41630295,33.29490322,31.20805774,32.09378107
2006-05-29,32.15966711,33.34693439,30.60987301,32.38374785
2006-06-05,31.76416037,32.1067322,29.64125863,29.92219506
2006-06-12,30.94664469,30.97992891,27.89251522,29.70297359
2006-06-19,29.60554317,32.3223343,29.37778808,31.97519063
2006-06-26,30.54825691,31.38390545,29.78359963,31.26171975
2006-07-03,30.98700561,32.3654171,30.66406904,31.46690662
2006-07-10,31.0287048,33.78381046,30.93165456,33.55471341
2006-07-17,32.65022449,33.26257501,30.6282544,30.8171336
2006-07-24,30.21466462,30.78404277,29.8974631,30.32597308
2006-07-31,30.78534937,31.46118427,30.25767042,30.36111545
2006-08-07,30.52599702,30.59332824,29.08647017,29.30474641
2006-08-14,29.2608317,29.33085603,28.15477047,28.4838221
2006-08-21,29.33161639,29.83864733,28.97203441,29.68052433
2006-08-28,29.09518591,29.50399166,28.80349891,29.41937218
2006-09-04,29.16394704,30.08661881,28.73324374,28.90850421
2006-09-11,27.74479781,28.26543977,26.80257919,27.19231536
2006-09-18,27.5583484,28.91686373,26.81276776,28.75580778
2006-09-25,28.64310012,29.37074867,28.37058235,28.96411246
2006-10-02,28.73904148,28.88151719,26.92621714,27.53375597
2006-10-09,27.59129327,27.91982969,26.98558992,27.87018813
2006-10-16,28.41141235,28.52086089,27.41246921,27.66558882
2006-10-23,27.45183522,27.82744468,27.03504838,27.774739
2006-10-30,28.23716994,29.52751893,27.97351581,29.16223967
2006-11-06,28.98257342,29.54435306,28.53079113,29.18235816
2006-11-13,29.11122013,29.3255473,28.53442416,28.90118782
2006-11-20,29.27729369,30.1880512,29.24908141,30.05363053
2006-11-27,30.28218697,30.48022046,29.71746024,30.25985892
2006-12-04,30.03069708,30.15852684,28.71417465,28.77403902
2006-12-11,28.91289054,28.972571,28.17952043,28.1978605
2006-12-18,28.33347042,28.65982542,28.29667968,28.4405681
2006-12-25,28.45698909,28.98946252,28.45698909,28.9621376
2007-01-01,28.79221432,29.27326102,27.98464897,28.23094362
2007-01-08,28.37959276,28.90931634,28.06188696,28.88030109
2007-01-15,28.82383554,29.08124406,28.45971274,28.90207149
2007-01-22,28.67923145,30.18440048,28.67923145,29.69798219
2007-01-29,29.33928917,29.84885375,29.01032273,29.22011744
2007-02-05,29.20741967,30.29725169,29.1803841,30.18855387
2007-02-12,29.75005032,30.11914089,29.55901541,29.81756207
2007-02-19,29.77868185,30.59828347,29.13894887,30.32492577
2007-02-26,31.51340415,31.63966898,29.53447442,29.64064712
2007-03-05,29.30488273,30.0421069,29.14827065,29.34882958
2007-03-12,29.95856206,30.02761222,28.91596961,29.55188469
2007-03-19,29.4612466,29.81058053,29.16511411,29.31570724
2007-03-26,29.6403359,30.01022702,29.31270179,29.61870906
2007-04-02,29.30026138,29.75137333,29.2230393,29.61623602
2007-04-09,29.47531737,30.10288033,29.47531737,30.00006096
2007-04-16,29.9105012,30.03777346,29.47316038,29.82690733
2007-04-23,29.66963568,29.76861336,28.72893136,29.13989506
2007-04-30,29.57362792,29.95225923,29.09003568,29.8394937
2007-05-07,29.55590563,29.59240235,28.59181518,28.81752306
2007-05-14,28.4195608,28.7040515,27.86648115,28.14779311
2007-05-21,28.32675445,28.49293363,27.98405965,28.05683447
2007-05-28,28.00432523,28.29441305,27.64983495,28.2438798
2007-06-04,28.3621775,28.91845519,27.86977435,28.01682158
2007-06-11,28.05524622,28.11106474,27.351386,27.54483062
2007-06-18,27.43513162,27.70291391,27.26712533,27.57001108
2007-06-25,27.62593248,27.64501556,27.1594573,27.39261934
2007-07-02,27.31631597,27.37560114,26.73234331,27.15896732
2007-07-09,27.38361166,27.60138635,26.98754565,27.1940425
2007-07-16,27.19344192,28.02215185,27.09735202,27.86717561
2007-07-23,27.48412358,28.25034306,26.94345251,27.62501136
2007-07-30,27.41540299,27.70784776,27.18438699,27.60528688
2007-08-06,27.40320497,28.28194998,27.01429153,27.93715074
2007-08-13,28.51428172,29.73799122,28.01184754,28.48008458
2007-08-20,28.71495061,28.83510598,27.79582024,28.22689424
2007-08-27,28.73136549,28.79815256,27.78367915,28.10331995
2007-09-03,27.99815518,29.71761408,27.98565786,29.44023287
2007-09-10,28.88388478,29.35651522,28.53293751,28.62610298
2007-09-17,28.57190792,29.42870618,28.34693226,28.79406073
2007-09-24,28.80948023,28.96536715,28.35256507,28.80260061
2007-10-01,28.99949243,29.01696668,27.53509762,28.10878493
2007-10-08,27.80231662,28.891722,27.57281189,28.70006481
2007-10-15,29.71675115,30.11738225,28.99394739,29.85583142
2007-10-22,29.28054509,30.00488518,29.18336062,29.97052407
2007-10-29,30.20401324,30.66848945,29.05490537,30.62485349
2007-11-05,30.36779219,32.35974089,30.36779219,32.08207418
2007-11-12,30.23070752,31.33802907,29.9128609,29.98343259
2007-11-19,29.74712798,31.82558871,29.42174201,31.73694878
2007-11-26,32.22109272,32.42440504,29.64998434,29.79844363
2007-12-03,30.24326448,30.67169327,29.70487322,29.98546773
2007-12-10,30.68288285,30.88600532,29.9148745,30.30137132
2007-12-17,30.27213826,30.89505897,30.18814443,30.83231824
2007-12-24,30.76975305,31.53031079,30.53586279,31.52468473
2007-12-31,31.3296493,32.79283556,31.32776944,32.43803278
2008-01-07,32.10835227,33.29610405,31.97243596,33.18489462
2008-01-14,33.5499432,34.19436376,32.94497161,33.66185738
2008-01-21,33.33309992,35.26892273,32.75486874,34.88710047
2008-01-28,34.98460982,35.25595971,34.01220728,34.0724192
2008-02-04,34.39416747,36.13945435,33.68214386,36.12378922
2008-02-11,35.9682169,36.0344603,34.5205228,34.79024249
2008-02-18,34.78872561,37.00426249,34.78872561,36.42201055
2008-02-25,35.84803741,38.31784169,35.36154196,38.22558994
2008-03-03,38.64192121,40.05210504,37.26321682,39.15160507
2008-03-10,38.15589677,40.07699069,37.84029958,39.82633543
2008-03-17,39.28973947,40.0037754,36.2212317,36.94605389
2008-03-24,37.00573757,39.72574539,36.88723185,38.84035241
2008-03-31,38.42947056,38.65953436,36.59872982,37.95302363
2008-04-07,38.2389588,39.41280031,37.75594213,38.86524673
2008-04-14,39.18771814,40.68120802,38.34485153,38.81521052
2008-04-21,38.47570623,38.8887097,36.2478178,36.53467994
2008-04-28,37.0832408,37.11938512,34.36948586,34.75874151
2008-05-05,35.24625633,36.22558765,35.00637266,35.99145386
2008-05-12,35.37299808,35.79255808,34.32023779,35.6422855
2008-05-19,36.04352006,37.53370363,36.01361504,37.09757939
2008-05-26,36.96668727,37.04629252,33.91558207,34.72282848
2008-06-02,35.36033149,36.15848583,34.53059788,36.12241751
2008-06-09,36.11647846,36.23796006,34.63305427,35.08668266
2008-06-16,34.8404732,35.77485074,34.5422694,35.49705286
2008-06-23,34.87935021,36.76997165,34.14205595,36.62578342
2008-06-30,37.0170165,37.8033574,36.83849517,36.95511847
2008-07-07,36.46232244,38.0383612,35.95426026,37.8713453
2008-07-14,38.05379339,38.67993561,36.32046627,36.47718476
2008-07-21,37.09671534,37.52335736,35.55487019,36.06894519
2008-07-28,35.69179636,35.78766989,33.43819171,33.82212017
2008-08-04,33.24449953,33.4754377,32.43297868,32.66466757
2008-08-11,31.26141319,31.85560722,29.54447668,30.00476622
2008-08-18,30.60954555,32.05667831,29.96072195,31.33674625
2008-08-25,31.44164578,32.20900822,30.91139702,31.60624345
2008-09-01,31.39613511,32.62117597,30.43226087,31.94580356
2008-09-08,31.6869109,31.82050921,29.69866941,30.37504074
2008-09-15,31.99299379,37.53938145,31.42735831,35.05216578
2008-09-22,35.98618981,36.37808298,34.14742287,34.86942913
2008-09-29,37.05798446,37.47425111,34.42506739,35.04426103
2008-10-06,38.12489541,42.84515871,38.095835,39.0024404
2008-10-13,36.98148385,40.88581923,36.98148385,37.7209769
2008-10-20,40.39733269,42.30781734,37.02022148,39.92619725
2008-10-27,36.09406296,38.02867177,35.51441153,35.80208451
2008-11-03,34.4438778,38.3000604,34.37392118,36.60911693
2008-11-10,38.51202513,39.34234741,36.64574245,38.74606944
2008-11-17,39.21288889,42.53030404,38.88336882,42.17563951
2008-11-24,41.64490383,42.24102689,40.69823088,41.08753141
2008-12-01,39.13069776,40.04905571,38.10624155,38.74845271
2008-12-08,39.09519755,41.52249918,38.6069187,41.12182372
2008-12-15,41.52719756,43.37101954,40.61964545,40.98517822
2008-12-22,41.37453894,42.39125608,40.50449305,42.08530475
2008-12-29,42.98613089,43.85752785,42.27927503,43.17603491
2009-01-05,41.82814186,43.58266469,40.86909345,42.74704589
2009-01-12,42.00299643,44.03648726,41.51217879,43.91899397
2009-01-19,44.8863085,48.49552639,44.24457686,48.19497864
2009-01-26,47.22859391,49.08202497,45.84183013,48.91832141
2009-02-02,47.63536647,48.29808399,46.82891528,47.35468994
2009-02-09,47.00548622,50.35700591,46.8844872,49.89278883
2009-02-16,51.62960592,54.94287298,51.62686186,54.24124225
2009-02-23,53.61652077,53.88713361,50.61602631,51.61372828
2009-03-02,51.78654613,54.19943278,49.79726511,53.78933072
2009-03-09,52.04730054,52.08964067,49.33196648,50.82932465
2009-03-16,50.42657273,52.98208591,47.92961281,51.62752352
2009-03-23,49.72157711,50.36510259,48.72353563,49.49720203
2009-03-30,49.03025021,49.42578477,45.27452796,45.31263142
2009-04-06,44.64068724,45.56474921,44.14962767,44.41830503
2009-04-13,45.80573578,46.22540542,44.80734321,44.94717195
2009-04-20,46.64062041,47.9048032,46.33075448,47.11012404
2009-04-27,46.88279238,46.89985815,45.07060413,45.34447287
2009-05-04,45.42112733,46.28565447,44.72059599,45.24663349
2009-05-11,45.58687069,47.0941628,45.57537716,46.92777015
2009-05-18,44.94551233,47.81336985,44.94551233,47.56617595
2009-05-25,47.83068625,48.55234544,46.97643319,48.31186911
2009-06-01,47.67026801,49.2405288,47.07171193,47.18531627
2009-06-08,47.27862192,48.19631997,46.1621839,46.22033508
2009-06-15,46.33894787,47.16042658,46.33894787,46.5667642
2009-06-22,46.43070481,47.09000249,46.00512779,46.2789975
2009-06-29,46.36705695,46.77795442,45.31380749,46.00376862
2009-07-06,45.92624037,46.48564883,44.97341853,45.49389459
2009-07-13,45.68142588,46.28192563,45.43695257,45.95038906
2009-07-20,46.02071473,46.23402722,45.02932708,45.1900493
2009-07-27,45.37793543,45.53978358,44.08659951,45.10334597
2009-08-03,44.80106304,46.11078801,44.52493218,44.91109367
2009-08-10,45.60221441,45.94935548,44.87925594,45.3136186
2009-08-17,44.70875905,45.71128444,44.70875905,45.49173663
2009-08-24,45.19717503,46.35849327,45.19717503,46.00440938
2009-08-31,46.39690457,48.26028018,46.20172382,47.6203805
2009-09-07,47.49574491,48.57467735,47.33951055,48.23386979
2009-09-14,47.43160224,48.46607952,47.16553295,47.91132434
2009-09-21,47.57340157,48.61288112,47.08493965,47.37549598
2009-09-28,47.56374625,48.65171182,47.22730135,47.90811473
2009-10-05,47.9287711,49.82349272,47.8486778,49.23865135
2009-10-12,49.37138243,50.00073747,48.60930402,49.44007256
2009-10-19,50.0916249,50.5221606,49.34922147,49.88584347
2009-10-26,49.9222973,50.8040958,49.18631637,50.57890248
2009-11-02,51.05485812,52.66465484,50.88373529,52.11727809
2009-11-09,52.34596876,53.49462302,52.0353313,53.04759049
2009-11-16,54.22681364,55.38470217,53.7029751,55.31877774
2009-11-23,56.12617301,58.63404312,55.66425487,57.57240811
2009-11-30,56.93365682,58.71782765,54.89614042,55.52259579
2009-12-07,56.07894649,56.59374324,53.69007493,53.94265441
2009-12-14,54.70211211,55.77676577,53.50006338,54.41642781
2009-12-21,53.5426001,53.82860928,52.65329405,53.61432777
2009-12-28,53.7079247,53.7637138,52.51621902,52.80573441
2010-01-04,53.10723851,53.9777881,52.4625321,53.25981081
2010-01-11,53.79526767,54.08250582,52.18997829,52.81237948
2010-01-18,53.03737845,54.07886491,51.70585978,52.19205591
2010-01-25,52.58753838,53.111171,51.56572496,52.03763439
2010-02-01,52.86866969,54.40321546,51.34178569,52.35087751
2010-02-08,51.51196313,53.31682965,51.47706671,53.09664674
2010-02-15,53.2266151,54.96602296,53.12699775,54.34619772
2010-02-22,55.60672963,55.95962185,53.99523953,54.88414851
2010-03-01,55.12993319,56.85240372,54.96384652,55.92951589
2010-03-08,55.33776436,55.52908683,53.76637765,53.94512552
2010-03-15,54.11909996,55.68770293,54.0190105,54.67382476
2010-03-22,54.36414025,55.12446342,53.85673749,54.68020475
2010-03-29,54.51738289,54.94548925,53.87625669,54.54618501
2010-04-05,54.59793485,55.76933316,54.25544179,55.53472659
2010-04-12,55.25027093,55.35070857,53.41033128,53.71044243
2010-04-19,54.21744845,55.21723379,54.05446217,55.17907728
2010-04-26,55.70282644,56.61539388,55.35518171,56.37200196
2010-05-03,57.83744167,62.26001156,57.04889799,60.46867918
2010-05-10,58.91401183,61.95286888,58.91401183,61.11734316
2010-05-17,61.32403822,62.05846721,59.0798084,59.51790557
2010-05-24,60.44947744,61.99409032,60.12492465,60.93737775
2010-05-31,61.636928,62.89018313,61.18250311,62.84790644
2010-06-07,63.72689139,64.3296932,61.63104055,62.08430306
2010-06-14,61.32029452,63.04737803,61.28563865,62.75524928
2010-06-21,61.97405799,63.63919547,61.83422781,63.45205112
2010-06-28,63.25414212,63.65601867,60.2408024,60.85406825
2010-07-05,60.33440609,60.55897584,59.08820618,60.42847628
2010-07-12,59.36447465,60.39090685,58.5621629,58.88798821
2010-07-19,58.10417953,59.01508172,57.6379577,58.27987452
2010-07-26,57.37019985,57.61041512,56.2103726,57.22326033
2010-08-02,56.71604533,58.04363324,56.5889277,57.77043035
2010-08-09,57.73530855,59.43259437,57.28075663,59.20171709
2010-08-16,58.85868103,60.15590193,58.69873621,59.85848662
2010-08-23,60.27967185,60.87587321,59.61714962,60.37886273
2010-08-30,60.55879644,61.20767566,59.71913179,60.11705032
2010-09-06,60.87902221,61.44072871,59.96747299,60.42318603
2010-09-13,59.6693706,61.61768738,59.64685241,61.19502338
2010-09-20,61.08784276,61.90165049,60.75807737,61.53526438
2010-09-27,60.83887011,61.62913803,60.2353072,61.2493022
2010-10-04,60.2383268,62.52176493,60.17872574,61.44586865
2010-10-11,61.29286357,63.01315807,60.70655645,62.23544244
2010-10-18,63.1556812,63.23316321,60.25655949,60.85810799
2010-10-25,61.31798873,62.65446103,60.78577797,62.642939
2010-11-01,61.26126485,62.72090087,59.76491155,62.50111869
2010-11-08,64.12960367,65.40065322,62.86807686,63.2424842
2010-11-15,63.93038684,64.14046773,61.92291419,62.61624771
2010-11-22,65.22440925,65.99049178,64.52019023,65.04162339
2010-11-29,66.02269043,67.16801158,65.63485404,67.0069865
2010-12-06,67.88958641,68.25295364,65.81879197,66.93069021
2010-12-13,67.76815819,68.46437309,66.5435711,68.25797349
2010-12-20,69.22803563,69.57536271,68.15741602,68.82647361
2010-12-27,69.42776378,70.61382668,69.39263716,70.31191709
2011-01-03,69.97413951,70.10521891,67.6897883,69.26354548
2011-01-10,69.7086237,70.28336253,67.59620166,67.9203921
2011-01-17,67.44221212,69.66074063,67.36795836,67.80506416
2011-01-24,67.25010241,69.81874772,66.56651145,69.27352765
2011-01-31,67.56993998,69.4577494,67.21799474,68.6564059
2011-02-07,68.34590507,69.84986042,68.25884796,69.16141992
2011-02-14,69.86353837,70.63310186,69.49176859,70.44158436
2011-02-21,72.18316814,73.20970333,71.52343364,72.41097658
2011-02-28,73.24476222,74.91771983,72.33484628,73.60154669
2011-03-07,73.06456261,73.31152129,71.39037162,72.06261494
2011-03-14,72.46207485,72.46765416,70.05840582,72.00753223
2011-03-21,71.53305841,72.18142121,71.00972583,71.51246963
2011-03-28,71.05935662,71.45373179,69.50600101,70.27293325
2011-04-04,70.42933155,71.66428735,70.23290335,71.64485415
2011-04-11,71.63911669,72.39447151,70.69929841,72.33074355
2011-04-18,73.45819166,73.82170279,72.860816,73.55376425
2011-04-25,73.77009499,76.39247584,73.11445439,76.08094797
2011-05-02,76.14560376,76.82192442,72.82004146,74.29397925
2011-05-09,75.8593374,77.87867458,74.95762342,76.71865159
2011-05-16,75.85674493,77.30203204,74.92870135,77.11334123
2011-05-23,77.8501877,79.30973058,77.65567642,79.17620644
2011-05-30,78.82553117,79.71660737,77.12038884,77.99316345
2011-06-06,78.35785931,78.65720815,77.28809507,77.52055037
2011-06-13,77.18499702,79.35453975,76.99508809,78.9649471
2011-06-20,79.55775799,81.04568918,78.80895682,78.92992625
2011-06-27,78.94471826,79.4643031,76.39195876,76.81621786
2011-07-04,78.22546658,80.88607171,78.13287349,80.78401222
2011-07-11,82.30344242,84.61480602,81.63538984,84.56808919
2011-07-18,85.46859115,86.86663897,84.23406672,86.46724343
2011-07-25,88.1105666,88.6357981,86.30186285,88.29162147
2011-08-01,89.12601334,94.09737068,88.90652501,92.9941247
2011-08-08,96.7289914,103.82811178,96.62476061,99.7182794
2011-08-15,100.68721015,107.90175849,100.48463167,106.39771307
2011-08-22,107.8922874,108.74241953,95.98934689,102.75797946
2011-08-29,99.55476431,106.03702027,99.2964899,105.95037401
2011-09-05,107.59932427,108.65993721,101.29006157,106.77775579
2011-09-12,102.95713346,105.31099533,100.63826691,103.41331359
2011-09-19,101.97153876,106.24169197,96.07244069,97.62042679
2011-09-26,96.54175883,99.77410789,94.22123188,97.10311132
2011-10-03,100.89527355,102.02853914,95.67279726,97.31837567
2011-10-10,98.86152805,99.45069935,96.91217703,98.9156138
2011-10-17,99.65544871,99.9983951,95.13450342,96.93930779
2011-10-24,94.43607896,98.30089204,93.9120912,97.78539363
2011-10-31,98.72447983,100.36683745,96.84631186,99.73133807
2011-11-07,101.86339391,104.19387579,99.43108418,101.96730065
2011-11-14,102.80433938,103.79861945,100.49769047,101.26374329
2011-11-21,99.75928431,102.91402207,99.29824823,101.88600009
2011-11-28,101.79021482,103.52416499,99.87804846,102.63690392
2011-12-05,101.51315367,104.20688034,100.3390938,101.25210439
2011-12-12,100.67728506,101.41272477,94.11905212,96.25601888
2011-12-19,96.4730496,99.41769999,96.24908782,97.97191612
2011-12-26,98.04094088,98.36756957,93.62188731,94.84641601
2012-01-02,94.40723916,98.34800655,94.29469698,97.55813537
2012-01-09,96.69521286,98.76543384,96.51506902,98.041599
2012-01-16,97.26696149,98.75444844,96.62095255,97.84224187
2012-01-23,98.05757535,99.70493138,95.71880183,99.1503818
2012-01-30,98.65871972,99.72348069,97.02625785,97.12195005
2012-02-06,96.58161765,98.66991847,96.09171497,97.43350557
2012-02-13,97.88835568,98.75970155,96.54746652,97.05886964
2012-02-20,97.61139243,101.17716126,97.44810619,100.53702935
2012-02-27,99.47500757,100.78959324,94.86534026,97.20998779
2012-03-05,98.13092342,98.55173586,95.631426,98.47128312
2012-03-12,97.85198676,98.16160488,94.51394514,95.71030111
2012-03-19,97.52315133,97.59174291,94.58266125,95.53347618
2012-03-26,96.96971883,97.40133309,94.39725251,95.53401339
2012-04-02,95.9793408,96.27140204,92.94081654,94.48127548
2012-04-09,95.61526446,96.97439837,95.09083435,95.78852773
2012-04-16,95.36629166,95.66178634,93.93010253,94.6513793
2012-04-23,93.72551022,94.39532528,92.42671594,94.06711182
2012-04-30,93.84207633,94.2355607,91.98018821,92.83389823
2012-05-07,93.60556348,93.66155587,90.22448609,90.5456309
2012-05-14,91.41823133,94.29114015,89.66204478,94.01668626
2012-05-21,94.35472616,94.43408751,91.1882433,93.46809422
2012-05-28,92.65402381,97.33161294,91.15246473,96.97038467
2012-06-04,96.032845,96.45936303,90.96737893,93.20749377
2012-06-11,93.53861093,95.20446087,93.00862388,94.81696529
2012-06-18,94.09458302,94.4821487,90.37788502,91.143357
2012-06-25,92.23308617,93.37647578,90.10586752,92.81520245
2012-07-02,92.22638199,94.38974109,92.08529659,92.42523267
2012-07-09,92.72096681,93.46805756,90.94158792,92.41096127
2012-07-16,92.15100705,92.73561411,90.81232813,92.05237146
2012-07-23,92.60401139,94.87764082,92.18162878,94.4817108
2012-07-30,93.46964707,94.02500456,90.87470569,91.73695977
2012-08-06,92.38257634,93.29047613,91.70753023,92.88955118
2012-08-13,93.29864692,93.72031055,91.90150729,93.43402246
2012-08-20,93.41215385,96.69534356,93.33429837,96.4729226
2012-08-27,96.74694904,98.78798501,96.08212835,98.69928753
2012-09-03,98.96427244,100.66315184,97.58687428,100.27370574
2012-09-10,100.08470821,102.57721928,99.33117799,101.90846317
2012-09-17,101.68727485,103.09444248,101.17062694,102.21773021
2012-09-24,101.57422811,103.02649767,100.02635138,102.35977542
2012-10-01,102.30030757,104.19674819,101.9548793,103.29164809
2012-10-08,104.12968463,104.36071256,101.83084259,101.88894863
2012-10-15,100.52520559,101.35844733,98.98065981,99.2482281
2012-10-22,100.02562784,100.17327356,98.40523513,99.14232161
2012-10-29,98.65211622,99.42535427,96.25272423,96.39927135
2012-11-05,96.01602079,100.05088434,95.93224961,99.5848088
2012-11-12,100.37307636,100.72243113,98.67222699,99.09038111
2012-11-19,99.82182494,101.11772713,99.2890544,100.81801659
2012-11-26,100.63743819,100.83948326,98.07097192,98.4268839
2012-12-03,98.36766593,98.52248624,96.74509173,97.94121498
2012-12-10,98.17487156,98.42766034,96.63437426,96.85417072
2012-12-17,97.07003312,97.37248184,93.95165752,95.52306011
2012-12-24,95.52784144,96.17505687,95.03063593,95.15650813
2012-12-31,95.95942663,96.94064003,93.08970533,94.76753882
2013-01-07,94.1368754,95.36264769,93.92604045,94.54322267
2013-01-14,94.80325949,95.86367656,93.92575366,95.21904381
2013-01-21,96.20263578,96.36465529,94.04957423,94.15746506
2013-01-28,94.08506222,95.61735876,93.30128393,93.68690075
2013-02-04,94.81077016,95.98608217,94.39003073,94.87472185
2013-02-11,93.89046082,94.20668624,90.70584527,91.35626574
2013-02-18,91.90040002,92.35276746,89.43231774,91.40900091
2013-02-25,92.48320143,94.06701871,90.383805,90.99536872
2013-03-04,90.64495082,91.96287053,90.5268748,91.63772874
2013-03-11,91.61305658,93.13551902,91.52673247,92.6034674
2013-03-18,94.12389605,94.82869999,93.41759761,93.86760904
2013-03-25,93.57855759,93.72562594,92.69485011,92.69485011
2013-04-01,92.75641494,93.02611469,89.2337981,91.1777747
2013-04-08,90.1516098,91.36238043,84.97209611,84.97209611
2013-04-15,77.88150938,82.36876239,75.92464711,81.2561006
2013-04-22,82.63615189,85.81404829,81.43757733,84.47836713
2013-04-29,84.93020369,85.87220384,83.01973675,84.84610955
2013-05-06,84.82461035,85.30244111,82.2309349,83.84198901
2013-05-13,83.4481295,84.33792392,80.06830863,80.33419852
2013-05-20,82.44763171,84.02549293,80.3382373,82.28918254
2013-05-27,83.33961842,85.53303919,82.08499855,83.48238773
2013-06-03,85.04450229,86.55827891,83.05743492,83.43721561
2013-06-10,84.21611085,84.30115922,82.22002217,83.034759
2013-06-17,83.87331274,84.17205051,79.0140654,80.80715112
2013-06-24,79.58503289,80.03375417,73.30840905,76.69990128
2013-07-01,77.89450471,79.05263337,76.39508327,77.3072728
2013-07-08,77.06764682,81.42482708,76.90241947,80.79233637
2013-07-15,79.14123478,80.06220706,78.02082563,79.93267653
2013-07-22,81.53938839,83.18285704,80.92920381,82.38340738
2013-07-29,81.99645899,83.23209449,79.24727325,81.07185303
2013-08-05,80.51951366,81.21476326,78.99707892,80.85899902
2013-08-12,82.96878245,85.97806146,81.74617476,85.75370584
2013-08-19,85.47192383,89.53714911,84.67669055,89.33253661
2013-08-26,91.9742998,93.7213574,90.77578234,90.96943143
2013-09-02,91.88740469,93.53570402,89.44818285,91.50083312
2013-09-09,89.76575185,90.05704147,85.01083712,86.44386019
2013-09-16,84.25688488,87.11159104,80.84052359,84.34322365
2013-09-23,84.80117486,87.75772032,83.83073493,87.22099582
2013-09-30,85.70386061,86.34618767,81.86175669,83.74421184
2013-10-07,84.56190748,85.02091674,80.31941194,80.96494151
2013-10-14,81.28819374,83.98909571,79.89052439,83.25204403
2013-10-21,83.14326294,86.44892792,82.82971754,86.19898339
2013-10-28,86.56169171,87.20061804,84.67304977,85.28393456
2013-11-04,85.62837716,86.70499463,83.92663395,84.38717179
2013-11-11,84.71139921,84.90098258,83.16626005,84.1386388
2013-11-18,82.42302031,82.67402381,79.99884167,80.08326195
2013-11-25,80.86821889,81.67260935,79.96865322,81.22327726
2013-12-02,80.01471028,82.41718881,78.97981675,80.00086891
2013-12-09,80.81677544,82.95791942,80.00119813,81.16386526
2013-12-16,81.1630258,82.3165018,79.04786226,80.74100964
2013-12-23,80.01745692,84.37940112,79.88659271,83.93294926
2013-12-30,82.47209672,86.82563263,81.60478285,86.582704
2014-01-06,86.21457435,86.80761146,85.29862102,86.7478357
2014-01-13,87.95240306,90.11012968,86.93181027,90.02180894
2014-01-20,90.57805718,95.51240828,89.39531159,95.29774835
2014-01-27,90.86674838,92.54896613,89.69415664,90.06558649
2014-02-03,90.39284959,91.61233801,88.97816858,90.31508625
2014-02-10,89.84368188,92.66905879,89.76261779,92.46565259
2014-02-17,93.10483351,94.11670961,92.00669586,92.61506128
2014-02-24,95.04120935,96.31512896,93.59057313,93.98071119
2014-03-03,95.74379801,95.92181055,93.31171813,94.81434834
2014-03-10,96.70640235,98.76870887,96.45148513,98.30826694
2014-03-17,97.38456056,97.99972195,94.54976693,95.96972259
2014-03-24,93.16311416,93.82626527,90.51668462,91.23932795
2014-03-31,88.20493843,88.7673297,87.22793331,88.49830897
2014-04-07,87.36070782,90.51686662,87.36070782,90.12507791
2014-04-14,91.23156258,91.33609365,88.42022671,88.57424299
2014-04-21,88.79818452,89.50490815,87.10702908,89.40339911
2014-04-28,88.3158106,88.70706506,86.10904393,87.84898928
2014-05-05,87.94561996,88.24783858,85.76182281,86.06831375
2014-05-12,86.15082929,88.21240907,85.72065358,87.17374323
2014-05-19,87.76493405,88.05008352,86.11415396,86.47886014
2014-05-26,87.29476314,87.37245156,83.67088016,84.21638413
2014-06-02,84.5709252,84.91262446,83.27971682,83.71748589
2014-06-09,83.68077092,87.27232372,83.55577149,87.18695545
2014-06-16,87.81150029,91.21136387,86.47069964,90.66698936
2014-06-23,90.77133203,91.34033196,89.25368755,89.82530725
2014-06-30,90.77197441,91.20778935,89.58967153,90.38527712
2014-07-07,90.03409574,91.79752766,89.5910209,91.28072525
2014-07-14,89.20302296,91.17601052,88.19629386,89.44169418
2014-07-21,88.80274954,89.07147956,86.53793906,87.99543079
2014-07-28,88.43605548,89.33397192,87.85951479,88.76722103
2014-08-04,89.0856311,92.00810901,88.73833757,91.07668246
2014-08-11,90.97436432,91.66365363,89.80213096,90.61421326
2014-08-18,90.17451451,91.09742612,88.95759306,89.40016121
2014-08-25,88.81871206,89.91326687,88.61054401,89.44754102
2014-09-01,89.89189401,89.91493838,87.25635193,88.0085499
2014-09-08,88.63253673,88.84436514,87.23116253,87.25247655
2014-09-15,87.3059641,88.65475631,86.96679707,87.21772223
2014-09-22,87.41049087,89.61753562,87.39969546,88.70774987
2014-09-29,89.06643517,90.02353284,88.11327411,88.20876626
2014-10-06,88.22381284,89.9783611,87.71038918,89.78700156
2014-10-13,90.23981171,91.16859875,89.11893959,89.57109965
2014-10-20,89.91349932,90.53739774,88.11708841,88.43285134
2014-10-27,86.89541489,87.61209101,82.81770802,83.61781021
2014-11-03,83.18482543,85.37213193,81.99201113,85.30550003
2014-11-10,83.43204809,85.55326345,82.20968725,85.16980938
2014-11-17,84.68605355,86.22377145,83.93985717,85.71005078
2014-11-24,85.36347293,85.80070396,83.15593834,83.28437222
2014-12-01,86.83416489,87.73873395,85.44023728,86.60242137
2014-12-08,87.67201228,90.74164403,87.38424059,90.30795425
2014-12-15,90.55901808,92.88361371,88.60432133,88.71638382
2014-12-22,87.67204636,89.23771069,87.24777344,88.98989431
2014-12-29,88.42269762,90.47332162,87.95965819,89.51965933
2015-01-05,89.92241623,91.32821222,88.97232029,90.11072389
2015-01-12,90.5057659,95.78475828,89.86363778,95.64953555
2015-01-19,96.18871238,98.59461313,95.58039119,97.75244676
2015-01-26,97.36283373,100.71540812,96.68282486,100.58136131
2015-02-02,98.34968279,100.76674856,96.93848937,97.93927089
2015-02-09,99.27617995,99.83790892,96.44228204,97.04217511
2015-02-16,96.88924744,97.16167808,93.99261487,94.61288193
2015-02-23,95.11287691,98.22451746,94.26342154,97.63431515
2015-03-02,98.27492244,101.26191442,97.3701123,98.34109623
2015-03-09,98.84960764,99.19791433,95.43207851,97.54948688
2015-03-16,96.86354935,98.51596591,94.74718691,97.73154556
2015-03-23,97.4963869,101.69509571,97.21923615,100.54148287
2015-03-30,98.94996048,100.88933338,98.37740198,99.42684877
2015-04-06,101.53580734,102.30277777,99.90929612,102.0281678
2015-04-13,103.52326577,104.43738206,102.27613278,103.71523193
2015-04-20,103.2166268,104.99752439,102.75869899,103.25258172
2015-04-27,102.65042884,103.80460116,100.99701137,102.50105544
2015-05-04,103.2474032,104.27199508,101.87357264,103.01842687
2015-05-11,101.25357433,103.04796987,100.28637268,101.31968944
2015-05-18,102.25015709,102.26267129,99.61843262,100.72297127
2015-05-25,102.32633607,102.38823127,100.53307095,101.86562166
2015-06-01,102.17737227,103.18932204,100.0985767,100.8318996
2015-06-08,103.79256071,104.72076151,102.12378071,103.10914181
2015-06-15,104.09242995,105.12974369,102.31674782,104.23786449
2015-06-22,102.00541632,102.24033684,99.99739502,100.68324915
2015-06-29,101.78457831,101.82252866,99.76850948,101.12568007
2015-07-06,100.93053977,101.03325092,98.97131603,99.67768266
2015-07-13,97.87529113,98.39192608,96.44544493,96.70547005
2015-07-20,94.80738719,97.18835179,94.57316894,96.70652253
2015-07-27,97.05680016,98.21755827,96.12883335,97.44499621
2015-08-03,96.99714046,98.28736783,96.58888379,97.75908049
2015-08-10,98.61514398,102.0299621,97.71399035,101.43476457
2015-08-17,103.88007967,109.47324515,103.16061386,108.71520065
2015-08-24,109.32361028,109.43904233,104.5489302,106.15424125
2015-08-31,106.8046233,108.80099681,106.8046233,107.71352481
2015-09-07,107.99050844,109.72230522,107.26545834,108.89806184
2015-09-14,107.58025675,110.34652628,106.38865633,110.06915471
2015-09-21,110.21901497,113.25291506,109.07621909,112.19429006
2015-09-28,110.55130403,110.83651201,106.41028665,109.56274882
2015-10-05,107.8797342,109.4194476,105.716962,108.35230845
2015-10-12,110.64953861,111.39542316,108.64694731,109.49013825
2015-10-19,109.16024263,110.24918378,107.3039987,108.78723352
2015-10-26,108.5311353,111.04884262,106.80657125,107.02219248
2015-11-02,103.01040124,104.02169111,101.32409056,102.06576932
2015-11-09,102.27958342,102.59150852,98.88004283,99.57630614
2015-11-16,99.80119251,100.065812,97.72715467,97.89062964
2015-11-23,98.77332108,100.9739272,98.77332108,99.46665718
2015-11-30,98.85639923,101.1373497,97.0145171,100.85406481
2015-12-07,100.14807065,103.48052913,99.83674403,102.97351124
2015-12-14,100.94463986,101.78659127,98.11457213,99.54783537
2015-12-21,101.53547786,101.77655187,100.14826156,101.02271107
2015-12-28,99.77558779,100.59815577,99.06817745,99.52798106
2016-01-04,103.06446834,107.92478299,102.90620276,107.06671349
2016-01-11,106.62491622,107.34597301,104.04523876,106.48718175
2016-01-18,106.42264559,108.41568651,105.42262015,105.75788235
2016-01-25,107.07549935,108.86024549,105.20255845,106.09449153
2016-02-01,107.00111439,110.00172013,105.25866333,109.85935945
2016-02-08,112.26786666,118.91410198,110.91161391,116.3067262
2016-02-15,115.55864565,118.28135304,113.66506474,116.22297331
2016-02-22,114.30426003,119.13465931,114.20778078,117.37711432
2016-02-29,116.75094535,119.44068565,115.17968853,117.45941772
2016-03-07,118.64067557,119.68006901,114.87073677,115.01978094
2016-03-14,115.07597697,116.60448242,113.11858004,115.51930581
2016-03-21,114.5755298,116.0806906,112.03526765,112.49685681
2016-03-28,111.36167404,113.36524121,109.81249607,110.96681102
2016-04-04,110.57067707,114.48612877,110.53701559,113.56241473
2016-04-11,114.57869324,115.05068671,112.12776251,113.22959895
2016-04-18,112.09941244,115.59756175,111.71456626,112.90360144
2016-04-25,112.19657633,116.57502109,111.59129853,116.21991642
2016-05-02,118.16455863,122.63280644,117.35740617,121.21450722
2016-05-09,119.818414,121.95826674,119.18222178,121.45016261
2016-05-16,121.24663324,123.00748577,119.4867995,119.91213294
2016-05-23,118.39505521,118.72119933,114.70263029,115.24905955
2016-05-30,114.27965442,116.06096316,112.55698967,115.97424961
2016-06-06,115.9035903,120.35680066,114.96525044,119.92834389
2016-06-13,121.06938219,124.06803512,119.89283539,122.26987788
2016-06-20,120.55566319,127.69675845,114.54009476,123.59745568
2016-06-27,123.53305924,125.4725574,121.49868863,125.11233927
2016-07-04,127.04960611,129.79788067,124.32858696,127.16354687
2016-07-11,125.77402025,129.87490968,122.28732744,129.72842692
2016-07-18,129.79830763,132.89557906,129.28977123,129.98063258
2016-07-25,128.61989821,130.25900301,127.63773084,129.82259867
2016-08-01,130.11588106,132.28674863,129.07265512,129.12970231
2016-08-08,127.37070928,129.06069089,126.88080131,127.07205308
2016-08-15,126.01129353,127.75158612,125.39771361,126.45299769
2016-08-22,126.87340143,127.4458168,124.33347451,125.28493188
2016-08-29,126.06076244,126.25651033,123.87508209,125.97176403
2016-09-05,124.64365913,128.07454824,124.48019573,126.77797178
2016-09-12,127.25870135,127.66601353,124.8767051,125.57572712
2016-09-19,125.60012204,127.75748919,124.21707929,127.44586464
2016-09-26,127.81133471,128.08582184,126.2142385,126.87928476
2016-10-03,128.92843983,129.01195734,121.7970944,123.35597948
2016-10-10,124.78830572,125.07269924,123.64642573,124.01748605
2016-10-17,124.81180866,125.82760651,123.92855708,125.51509753
2016-10-24,124.83047252,128.47983631,124.62511053,127.60845762
2016-10-31,127.79077785,132.67038578,127.67968676,132.32123716
2016-11-07,129.84808052,137.88540984,127.18032815,127.97824956
2016-11-14,129.01654776,133.1796936,128.79997068,130.66331591
2016-11-21,131.8467394,132.60697595,128.9554778,131.20822943
2016-11-28,130.74846668,133.30659189,129.33778506,133.18099747
2016-12-05,129.43749362,130.8246517,126.92789971,129.41260586
2016-12-12,130.32373153,132.13180644,126.66480192,127.77741217
2016-12-19,128.9407707,129.17423997,127.18025565,128.14783073
2016-12-26,128.28619532,131.77209935,128.10737557,130.34586442
2017-01-02,133.01369643,138.32912159,132.40609059,137.06735306
2017-01-09,143.53355024,148.78833739,142.11867196,143.19770297
2017-01-16,145.21533329,148.49016574,145.04750392,146.38568544
2017-01-23,148.00009342,148.73185309,146.1680527,148.02096825
2017-01-30,144.86329998,147.28344479,143.42925039,144.95218682
2017-02-06,148.56532103,148.82026141,145.10891319,146.50555011
2017-02-13,143.70869095,146.32528123,143.04212833,143.85284619
2017-02-20,143.90176451,146.03198765,141.65685683,145.64028836
2017-02-27,146.82389951,149.66736825,145.22286563,146.83471392
2017-03-06,144.87375652,146.61589524,143.32272011,144.4032199
2017-03-13,144.77873603,145.26346881,141.42385523,143.59188038
2017-03-20,143.85847106,146.4677582,143.05638812,144.40278554
2017-03-27,147.40513536,147.96482431,144.93414138,145.97449517
2017-04-03,148.16487059,152.45897635,147.9511333,150.36691493
2017-04-10,149.14482728,154.27680419,148.94754419,154.1522522
2017-04-17,150.87229756,152.3407017,149.42167227,150.29315366
2017-04-24,146.79974189,147.05054002,144.27464183,144.80685622
2017-05-01,142.42511615,142.79197302,139.77801363,139.98091094
2017-05-08,142.73133137,143.02586041,139.86498439,141.01851019
2017-05-15,140.00090961,147.39582878,139.98725853,144.45008926
2017-05-22,144.81125467,145.99658839,142.73068534,145.69182986
2017-05-29,144.5491124,144.93356367,142.05554384,144.25873367
2017-06-05,144.56814931,147.86135922,143.84983482,143.97494141
2017-06-12,143.07908407,143.54390388,140.87730102,141.153389
2017-06-19,141.73226303,142.23940617,140.54414949,141.71092538
2017-06-26,140.93511122,142.02575418,140.21758114,140.4381949
2017-07-03,139.58562253,143.14433144,139.58562253,141.05412859
2017-07-10,141.07158223,141.47243629,138.18591817,139.72700393
2017-07-17,139.72262069,142.76492813,139.62297169,142.65238949
2017-07-24,143.88570628,144.20440525,141.28252601,143.89773493
2017-07-31,143.77105118,144.70354777,142.27354043,142.72949447
2017-08-07,142.75824351,146.93472458,142.15066497,146.55944724
2017-08-14,145.59617239,147.13628487,143.307806,145.18514528
2017-08-21,145.06386553,145.20541536,141.17378736,142.93383819
2017-08-28,145.58478768,146.83164803,143.97746801,146.07424965
2017-09-04,147.5918779,148.88931967,145.83949335,147.63678484
2017-09-11,146.43518901,148.505451,145.22873327,145.85934297
2017-09-18,146.51440562,148.18645001,145.12129757,145.83862888
2017-09-25,149.07103826,149.44875012,146.16259315,146.66585068
2017-10-02,145.87275436,148.46668923,145.63395559,148.43412284
2017-10-09,153.15228971,154.36171631,150.50134524,152.39644077
2017-10-16,152.58780626,152.74334939,149.7975807,151.11837529
2017-10-23,154.09620933,157.48079919,153.11063206,155.09359069
2017-10-30,155.43319228,160.05894235,154.45374023,158.68641926
2017-11-06,159.97563427,160.12897182,158.05367457,158.24479146
2017-11-13,159.48332551,161.50217554,158.28912437,161.07137026
2017-11-20,162.2291036,164.31405045,161.09382828,163.56401674
2017-11-27,164.8783907,165.24814116,159.90447866,160.94315009
2017-12-04,157.47059258,157.64749531,153.2344263,153.79484981
2017-12-11,153.52699336,157.22400373,151.92493058,155.68797347
2017-12-18,155.43600772,156.2122547,154.81457848,155.98217084
2017-12-25,155.98217084,159.3605806,155.86835276,158.76557684
2018-01-01,157.65495953,160.57215764,157.28003316,158.22893934
2018-01-08,159.83182915,161.98995573,158.46630387,161.01287146
2018-01-15,163.47303624,164.87437829,160.43790374,162.78688561
2018-01-22,161.47820716,164.54742792,160.83516088,162.61874779
2018-01-29,162.7908363,163.82400673,160.32232305,161.41582924
2018-02-05,162.27320992,163.08493943,159.96862503,161.44622089
2018-02-12,161.85130033,164.72373126,160.16529896,162.15410433
2018-02-19,164.39172196,164.58338188,160.57173922,161.786776
2018-02-26,163.4686512,163.90997118,159.38443123,161.77446085
2018-03-05,160.97531579,163.76406833,160.77841718,161.99795413
2018-03-12,164.62082747,166.54860629,163.5432914,165.54986354
2018-03-19,166.39053213,172.89974709,164.6380399,172.4774276
2018-03-26,173.15824757,173.72538751,167.46513831,168.50708359
2018-04-02,171.82957418,173.6728802,170.37328271,173.40108962
2018-04-09,176.63098037,181.65358786,175.60124898,177.22541472
2018-04-16,177.18044306,177.62589522,173.11102054,175.00655798
2018-04-23,173.82811927,174.91753928,170.97955603,171.96971186
2018-04-30,173.29006807,178.5847044,171.58199768,178.48860951
2018-05-07,183.08675408,183.90232259,178.24411768,182.92228025
2018-05-14,187.33031254,187.56797221,182.60893084,186.67817802
2018-05-21,194.16543735,199.10873694,188.16426226,197.03265958
2018-05-28,190.17549253,194.48440681,185.98157238,193.35132126
2018-06-04,190.83914645,192.1034905,185.84771623,186.50032076
2018-06-11,191.64827644,199.10501034,190.62233943,194.39721527
2018-06-18,194.40944573,195.33890661,190.45203885,190.86857891
2018-06-25,187.70375042,188.03065707,183.68475303,184.6862046
2018-07-02,186.33848596,189.13574575,184.23595435,184.47856742
2018-07-09,190.38233263,198.39044881,188.88775735,193.76812428
2018-07-16,191.4102254,192.09837953,187.16536506,189.7620004
2018-07-23,192.02759575,193.39869271,188.42665936,190.69161259
2018-07-30,193.11190831,199.3489776,191.97504441,198.4014083
2018-08-06,202.75386422,250.98910872,202.75386422,249.55188058
2018-08-13,244.63974404,245.6417361,217.57676547,229.36134651
2018-08-20,231.99077989,233.61257543,228.71653242,232.89740136
2018-08-27,244.08140604,257.75491054,241.7939616,252.73630876
2018-09-03,257.71505101,257.83946295,246.00910712,246.60683194
2018-09-10,247.16002707,248.0845813,234.88294849,236.56349569
2018-09-17,246.98873597,247.46040636,239.34392656,242.71307341
2018-09-24,237.63482769,238.62621204,228.16691265,232.3125497
2018-10-01,228.67667852,238.83472056,228.67667852,237.69091178
2018-10-08,233.2517775,233.86789576,226.53602121,229.68092107
2018-10-15,224.10123758,225.13153771,219.19595484,222.3841008
2018-10-22,225.25006115,228.60642158,221.16422824,221.68379401
2018-10-29,216.19300965,219.47966158,214.51732656,215.13367824
2018-11-05,211.92223404,215.20419753,210.59868821,211.85187241
2018-11-12,211.17083927,213.37013359,207.45793626,208.85373108
2018-11-19,211.57232694,212.43764459,207.06230099,207.5034909
2018-11-26,206.7989702,207.3235143,202.32434478,204.32929952
2018-12-03,212.92391499,214.91385812,210.50555416,212.33688783
2018-12-10,214.39129831,215.31856068,212.28547871,213.15661245
2018-12-17,213.7830253,215.46423804,210.08456466,214.27219131
2018-12-24,216.06640773,217.17273871,214.32911217,216.6596328
2018-12-31,218.1722424,227.41480946,218.1722424,220.03901939
2019-01-07,227.0273575,227.66110398,223.85452439,225.68184136
2019-01-14,226.01221046,226.59537383,219.19548338,219.30912356
2019-01-21,219.61135033,221.02228366,216.04559192,220.841598
2019-01-28,222.33819707,223.8612157,218.56618454,220.42029137
2019-02-04,219.12995431,222.05077176,218.86444926,221.53042161
2019-02-11,220.7572338,224.03358682,220.55130827,223.77950751
2019-02-18,225.17824631,230.18623918,224.67218199,226.7654517
2019-02-25,226.27893992,227.70687295,222.83258211,223.31182725
2019-03-04,222.68777685,227.1419689,221.80943675,226.66247025
2019-03-11,226.8344319,230.30934535,226.59481078,227.96403777
2019-03-18,229.39781144,243.65234642,226.65911098,243.31696937
2019-03-25,228.38986171,235.18396181,226.9034999,231.21357951
2019-04-01,232.28513749,233.98007711,230.30427113,233.47498599
2019-04-08,237.46154838,241.31336555,237.33343119,239.32113467
2019-04-15,239.02330192,239.24793218,235.55856945,238.24355533
2019-04-22,239.28975599,246.05618012,237.67761256,245.50247257
2019-04-29,245.28514696,246.90694495,242.71661832,245.17185262
2019-05-06,253.36088472,256.20139032,246.60784688,247.05560634
2019-05-13,251.80960046,252.51285477,248.13399639,248.54268768
2019-05-20,248.45406157,252.46884072,246.88676116,251.21045873
2019-05-27,249.23633592,249.52919463,241.13850726,244.75849079
2019-06-03,245.94872892,252.70637301,243.70651502,251.224294
2019-06-10,247.57477024,257.41929854,246.115636,254.19563494
2019-06-17,250.85639346,264.19603779,249.71166259,261.72030517
2019-06-24,264.34040418,267.95549647,259.60883273,262.18562261
2019-07-01,251.29501297,259.79062161,250.91609391,253.22269117
2019-07-08,257.16604068,260.48033704,253.59725907,260.14947499
2019-07-15,259.70953485,264.07100411,255.77282023,259.06020706
2019-07-22,261.25618561,262.64611951,257.72454686,258.56686735
2019-07-29,254.83071571,260.55024318,252.37774311,257.45699378
2019-08-05,260.83614049,266.91802169,258.7440824,264.21551111
2019-08-12,270.9337915,275.25785548,265.39000939,271.35897714
2019-08-19,275.68945612,282.99546848,274.82351459,282.35151602
2019-08-26,286.2098758,290.99523054,284.34846631,284.94634497
2019-09-02,281.43010493,285.18321788,275.61756575,276.64384128
2019-09-09,277.78967119,278.19333342,270.82798544,272.09253578
2019-09-16,274.55114514,280.00832193,270.47548279,279.95793317
2019-09-23,278.6679303,281.1578513,271.08057066,272.84548601
2019-09-30,270.76532428,278.10821458,268.37916766,275.54753622
2019-10-07,279.67912042,285.74357321,278.50022503,281.58563325
2019-10-14,284.22815896,285.24887655,276.48922017,277.43223078
2019-10-21,277.15289124,281.77969359,274.07452336,279.26438026
2019-10-28,275.57666919,277.83568588,271.55005012,277.40408369
2019-11-04,279.01666864,279.02369212,269.81477395,270.25513467
2019-11-11,270.33694703,272.39597086,268.52002867,271.00589383
2019-11-18,269.450196,270.78508214,267.7541367,268.48067084
2019-11-25,269.26144282,271.40160961,268.33479267,270.38281457
2019-12-02,269.92403965,274.72628398,269.50040861,271.03727748
2019-12-09,272.76717502,276.76143909,272.5126764,275.51579731
2019-12-16,279.19856214,282.92408087,278.88644992,281.92295673
2019-12-23,284.05512415,289.57847583,283.80163664,288.72480547
2019-12-30,289.69345671,298.24153832,289.69345671,297.97142452
2020-01-06,300.49300598,305.91220513,290.82986988,295.13928507
2020-01-13,292.5393376,295.43100503,290.38617246,294.6623542
2020-01-20,297.81180047,300.82858547,295.07923551,299.99681368
2020-01-27,302.06460006,305.78976316,299.00633443,305.69688223
2020-02-03,302.98869032,304.37464245,297.55309389,303.60833999
2020-02-10,303.37108918,308.54876608,301.50674366,308.28576099
2020-02-17,308.6626819,323.25368422,308.31999914,322.0551504
2020-02-24,327.60469273,331.32543106,313.4459102,317.96054838
2020-03-02,311.72917749,331.32401391,311.08162223,327.66793702
2020-03-09,333.41382099,334.90579059,306.21219506,311.23274753
2020-03-16,310.77964142,322.07689431,301.4044065,315.47240532
2020-03-23,320.36327049,339.31516942,320.20971513,337.37492151
2020-03-30,344.89330061,352.24912991,334.65772457,349.99722989
2020-04-06,361.16031032,364.70173669,352.6772769,364.44178019
2020-04-13,375.19219207,386.93309678,373.6628853,374.29300183
2020-04-20,379.64835995,388.24729855,371.53600867,385.82914396
2020-04-27,384.55374759,386.79583941,376.19195438,382.44932131
2020-05-04,386.44844913,395.34697941,383.96113742,387.11444394
2020-05-11,381.22518443,388.56815796,380.6444185,386.19067853
2020-05-18,376.5740506,382.52215928,374.54376924,379.84730665
2020-05-25,373.58348363,380.59455599,368.97688039,378.74455474
2020-06-01,374.96911777,376.47493989,363.08837448,365.41786994
2020-06-08,370.47807356,383.36894652,369.46621714,378.72632067
2020-06-15,379.73336214,384.37198121,376.54996178,383.8931955
2020-06-22,386.1150732,391.87293202,384.6718795,390.15135155
2020-06-29,390.04334718,393.7967904,387.14256584,391.16709252
2020-07-06,392.8899225,401.03334313,390.85531484,396.96134523
2020-07-13,397.707163,400.13164243,395.02322879,398.7916936
2020-07-20,398.3783505,419.62610585,398.00793522,418.24413533
2020-07-27,432.65783706,444.82981054,424.99009937,442.74086458
2020-08-03,439.81040017,486.44133567,437.73545751,477.00967597
2020-08-10,468.28856688,468.88171847,438.63567398,459.37180222
2020-08-17,470.41731827,477.85425334,450.61292151,457.20039827
2020-08-24,458.47571266,466.29871433,450.32439883,463.14700259
2020-08-31,465.67801782,471.73284956,458.37919892,462.34119267
2020-09-07,464.26883962,470.59492844,458.85108561,466.06054928
2020-09-14,471.13498231,476.19775684,468.63353544,473.80722048
2020-09-21,471.36667085,473.25548283,452.88425708,458.31017837
2020-09-28,472.04098734,477.89008398,466.95337406,473.30337617
2020-10-05,479.58710756,487.60930579,470.03793431,487.3516616
2020-10-12,489.83012324,490.59113057,478.49616285,484.13313275
2020-10-19,481.01125498,491.96716925,478.74858519,486.60946528
2020-10-26,500.72578342,508.31016197,495.90309467,503.77640097
2020-11-02,511.73924425,536.98214214,509.66029884,534.42204506
2020-11-09,488.12259921,495.94315961,459.59778722,463.97352104
2020-11-16,467.73797893,469.19989241,449.77765502,458.94637963
2020-11-23,472.30115043,472.86682674,446.85803164,450.16977009
2020-11-30,446.53413152,463.2338436,446.50898883,460.7269505
2020-12-07,467.26881758,470.87961107,459.01220881,464.40151478
2020-12-14,459.75759694,469.10555594,459.44553858,460.88683515
2020-12-21,460.68475872,462.58445425,455.85122907,458.12444169
2020-12-28,444.52547022,453.84577209,444.23593892,453.10805993
2021-01-04,461.07393008,463.68310611,432.80975839,437.55112152
2021-01-11,441.01947924,446.03536089,433.43626572,437.57563784
2021-01-18,441.39187947,446.16559769,436.82653288,441.71805578
2021-01-25,437.74324869,440.81857889,432.37876722,434.02748008
2021-02-01,429.52145305,430.70673818,406.16945717,410.86511023
2021-02-08,415.49874103,420.90048631,409.35552433,412.17475234
2021-02-15,408.10271278,410.12362351,393.6327636,398.66801666
2021-02-22,413.25387842,425.46084177,409.8030257,413.42584648
2021-03-01,407.38150276,416.63534063,403.31855376,411.49362867
2021-03-08,411.85281672,420.92996963,411.06996611,419.39012121
2021-03-15,417.12584195,422.10408958,400.9454826,404.69448779
2021-03-22,443.7506987,450.4547736,438.674199,448.93747956
2021-03-29,458.28526234,459.00279306,444.23181149,455.23616054
2021-04-05,451.83707072,460.65649935,451.70135321,457.22092007
2021-04-12,451.12076893,462.06873873,446.75106823,459.99650737
2021-04-19,461.25938674,483.62549141,459.66829342,478.55210129
2021-04-26,469.6220103,471.80544411,462.64128388,470.48874806
2021-05-03,478.62512797,488.26253495,472.86108221,485.03360422
2021-05-10,489.00323179,501.18411743,484.43415898,500.10089579
2021-05-17,500.39805419,511.09910536,499.58352167,508.20459982
2021-05-24,510.13751164,523.8049852,508.26084369,522.90571709
2021-05-31,531.5947272,534.13450888,516.57751071,525.97146857
2021-06-07,525.09602325,526.5480852,505.14237367,505.70828403
2021-06-14,513.28634251,515.33355245,494.03767223,494.67224867
2021-06-21,495.22432283,503.62486296,491.86401091,500.79220693
2021-06-28,499.11315863,500.91802907,490.41777439,498.73312427
2021-07-05,499.9656115,507.96675181,499.46077527,502.55745653
2021-07-12,499.73624974,505.15178728,495.22536825,495.69620847
2021-07-19,498.62715411,502.11191014,491.8292472,494.98939713
2021-07-26,494.69317859,498.21345888,490.86351616,491.88299088
2021-08-02,489.66270845,499.96300092,487.20388198,488.25929325
2021-08-09,477.85269562,487.48785779,474.59276938,487.20526407
2021-08-16,484.05739618,489.91503587,482.27259568,485.77386796
2021-08-23,487.65980512,488.8690103,478.70740843,487.27520288
2021-08-30,482.86861873,489.6966904,480.4379087,487.58465131
2021-09-06,488.92408206,490.75848652,480.70194403,485.92695772
2021-09-13,485.64967175,492.27125824,478.35984021,486.15050392
2021-09-20,489.18776535,501.71556348,487.40235795,499.53698146
2021-09-27,498.67393346,503.6596283,491.72034452,501.25932802
2021-10-04,504.05951503,513.22049694,497.79575768,506.11268262
2021-10-11,508.95103148,534.35831646,508.21087628,525.42978797
2021-10-18,526.89017861,560.35149427,523.36266134,553.66041664
2021-10-25,554.0098633,556.08122015,544.05151285,550.41670097
2021-11-01,553.50208608,566.7,544.44956674,565.05
2021-11-08,565.39,601.33,563.58,598.08
2021-11-15,599.17,675.68,593.75,666.27
2021-11-22,665.84,765.68,649.34,709.34
2021-11-29,715.57,790.57,709.7,785.27
2021-12-06,785.42,798.88,769.64,795.04
2021-12-13,795.03,989.31,784.11,948.78
2021-12-20,959.09,1058.85,593.9,685.38
2021-12-27,625.2,798.3,625.2,783.14
2022-01-03,782.27,814.63,748.62,800.83
2022-01-10,795.03,809.71,771.4,790.87
2022-01-17,787.9,800.52,780.57,792.22
2022-01-24,792.2,806.14,771.25,779.9
2022-01-31,777.09,792.74,765.27,787.96
2022-02-07,787.96,810.15,786.55,804.62
2022-02-14,807.06,833.78,802.57,832.81
2022-02-21,832.09,919.62,824.49,839.43
2022-02-28,839.16,900.5,839.06,897.89
2022-03-07,900.68,969.35,900.68,943.08
2022-03-14,939.28,947.07,893.06,913.49
2022-03-21,914.44,937.78,911.32,933.31
2022-03-28,933.4,934.29,883.77,908.41
2022-04-04,907.54,924.11,903.23,921.91
2022-04-11,922.14,930.69,915.78,928.76
2022-04-18,927.77,940.95,913.03,914.08
2022-04-25,914.79,916.83,888.88,904.66
2022-05-02,905.96,911.82,883.93,904.88
2022-05-09,904.42,916.53,894.15,900.92
2022-05-16,900.56,949.12,892.9,943.22
2022-05-23,943.36,981.41,934.57,963.88
2022-05-30,971.27,993.25,963.34,976.71
2022-06-06,981.6,1032.65,976.4,1026.87
2022-06-13,1037.94,1041.04,1000.38,1024.46
2022-06-20,1023.65,1030.95,967.85,991.38
2022-06-27,990.29,991.63,947.87,975.51
2022-07-04,976.24,987.9,957.12,967.02
2022-07-11,967.76,978.83,944.86,954.46
2022-07-18,952.12,990.74,950.92,985.08
2022-07-25,986.8,1019.37,980.98,1016.66
2022-08-01,1015.34,1035.56,1011.55,1021.59
2022-08-08,1021.98,1041.71,1017.88,1038.92
2022-08-15,1039.59,1039.59,1013.98,1015.69
2022-08-22,1015.9,1031.15,1004.68,1012.65
2022-08-29,1014.14,1020.53,987.82,1000.13
2022-09-05,1002.35,1013.99,990.01,1005.94
2022-09-12,1005.5,1016.74,971.13,982.45
2022-09-19,983.6,994.68,968.45,972.12
2022-09-26,972.99,998.18,959.17,987.72
2022-10-03,990.32,1032.74,986.61,1010.7
2022-10-10,1013.82,1017.92,979.12,980.82
2022-10-17,982.45,996.82,966.6,990.27
2022-10-24,988.46,1001.73,978.48,982.39
2022-10-31,981.39,1004.27,967.08,1002.92
2022-11-07,1003.32,1058.16,989.14,1057.66
2022-11-14,1055,1068.48,1044.39,1046.27
2022-11-21,1045.58,1053.52,1033.08,1050.55
2022-11-28,1048.33,1081.05,1039.53,1076.45
2022-12-05,1074.89,1084.07,1056.96,1077.61
2022-12-12,1075.89,1092.92,1060.6,1074.57
2022-12-19,1071.92,1094.37,1068.26,1078.37
2022-12-26,1078.48,1107.05,1075.71,1095.1
2023-01-02,1095.2,1127.63,1093.07,1124.77
2023-01-09,1124.96,1161.16,1121.57,1157.43
2023-01-16,1158.42,1171.12,1144.1,1160.89
2023-01-23,1162.73,1178.33,1155.4,1163.98
2023-01-30,1163.99,1185.6,1124.98,1127.84
2023-02-06,1128.47,1144.32,1120.7,1128.22
2023-02-13,1128.77,1133.28,1102.16,1112.76
2023-02-20,1116.13,1120.57,1093.21,1097.81
2023-02-27,1097.41,1127.58,1095.1,1123.03
2023-03-06,1125.7,1140.17,1100.03,1137.89
2023-03-13,1141.9,1215.47,1140.01,1215.28
2023-03-20,1212.56,1228.69,1183.33,1210.09
2023-03-27,1212.08,1225.64,1193.05,1212.52
2023-04-03,1217.15,1257.49,1202.48,1240.8
2023-04-10,1232.86,1273.11,1227.77,1246.71
2023-04-17,1245.59,1256.14,1227.75,1234.71
2023-04-24,1235.81,1254.73,1231.1,1244.08
2023-05-01,1245.02,1303.59,1236.15,1264.91
2023-05-08,1264.34,1286.79,1259.87,1264.55
2023-05-15,1265.26,1278.66,1241.71,1258.78
2023-05-22,1259.44,1269.27,1241.75,1247.08
2023-05-29,1249.32,1332.4,1244.62,1312.24
2023-06-05,1318.66,1490.16,1316,1473.07
2023-06-12,1490.15,1498.69,1461.83,1486.12
2023-06-19,1488.56,1587.13,1452.99,1562.95
2023-06-26,1569.65,1621.43,1562.37,1607.94
2023-07-03,1607.04,1623.06,1588,1612.56
2023-07-10,1612.04,1652.48,1597.86,1640.09
2023-07-17,1639.8,1720.95,1631.02,1700.37
2023-07-24,1698.15,1717.73,1680.13,1696.59
2023-07-31,1690.16,1707.86,1670.46,1682.49
2023-08-07,1681.33,1690.55,1649.64,1652.36
2023-08-14,1661.58,1669.51,1641.43,1643.86
2023-08-21,1641.1,1682.55,1558.25,1633.94
2023-08-28,1618.33,1677.65,1613.4,1664.15
2023-09-04,1663.53,1674.04,1647.68,1655.21
2023-09-11,1656.48,1674.32,1641.49,1664.68
2023-09-18,1669.58,1691.63,1649.63,1677.18
2023-09-25,1681.84,1685.32,1625.27,1629.14
2023-10-02,1632.26,1633.91,1601.82,1622.69
2023-10-09,1644.98,1726.19,1638.03,1724.79
2023-10-16,1717.97,1798.05,1704.28,1780.03
2023-10-23,1780.03,1823.35,1763.82,1816.27
2023-10-30,1815.78,1830.2,1793.11,1819.3
2023-11-06,1816.37,1821.72,1773.09,1777.16
2023-11-13,1778.14,1840.45,1767.3,1825.14
2023-11-20,1820.57,1859.72,1816.59,1856.44
2023-11-27,1859.52,1925.5,1853.3,1924.27
2023-12-04,1926.73,1994.08,1856.57,1859.45
2023-12-11,1861.53,1909.93,1838.07,1881.45
2023-12-18,1881.64,1944.85,1870.36,1930.06
2023-12-25,1927.5,1975.56,1917.96,1954.47
2024-01-01,1954.77,1984.69,1941.63,1956.17
2024-01-08,1960.34,1994.85,1932.5,1980.38
2024-01-15,1978.89,1992.21,1938.38,1969.29
2024-01-22,1970.26,1983.33,1949.6,1963.11
2024-01-29,1967.15,2014.54,1965.2,1992.96
2024-02-05,1993.26,2010.6,1978.04,1996.15
2024-02-12,1996.28,2007.7,1961.8,1995.07
2024-02-19,1995.97,2038.11,1989.75,2026.05
2024-02-26,2033.45,2104.84,2025.91,2096.2
2024-03-04,2102.57,2253.13,2096.12,2234.68
2024-03-11,2241.96,2252.15,2215.05,2226.53
2024-03-18,2225.53,2313.43,2218.67,2228.12
2024-03-25,2231.44,2332.73,2213.98,2325.55
2024-04-01,2333.16,2400.08,2273.24,2399.6
2024-04-08,2399.42,2529.67,2363.93,2437.77
2024-04-15,2450.68,2531.41,2420.72,2506.38
2024-04-22,2501.01,2503.6,2400.35,2435.78
2024-04-29,2439.27,2447.2,2367.82,2393.08
2024-05-06,2385.99,2466.63,2374.4,2443.25
2024-05-13,2444.03,2510.75,2414.23,2499.59
2024-05-20,2501.01,2536.5,2405.41,2420.41
2024-05-27,2413.12,2448.68,2400.16,2411.29
2024-06-03,2411.22,2477.74,2373.97,2385.17
2024-06-10,2385.69,2459.24,2380.32,2456.07
2024-06-17,2457.29,2503.35,2419.86,2450.6
2024-06-24,2451.12,2479.32,2422.59,2442.11
2024-07-01,2449.72,2512.5,2425.27,2508.98
2024-07-08,2501.72,2569.54,2470.97,2562.53
2024-07-15,2558.64,2642.3,2541.89,2544.82
2024-07-22,2545.81,2568.36,2490.2,2525.07
2024-07-29,2527.59,2643.41,2514.7,2609.26
2024-08-05,2612.36,2630.15,2537.05,2627.28
2024-08-12,2620.87,2717.12,2609.61,2713.25
2024-08-19,2714.27,2756.73,2693.27,2742.51
2024-08-26,2744.7,2788.94,2728.36,2741.7
2024-09-02,2740.51,2762.18,2704.53,2725.55
2024-09-09,2725.55,2818.36,2715.16,2814.54
2024-09-16,2816.25,2879.49,2790.1,2873.67
2024-09-23,2864.2,2949.32,2861.04,2917.45
2024-09-30,2918.51,2939.58,2878.26,2922.23
2024-10-07,2917.17,2933.49,2861.58,2925.48
2024-10-14,2926.18,3000.01,2905.8,2999.66
2024-10-21,2996.41,3038.03,2964.77,3027.16
2024-10-28,3016.76,3075.37,3002.99,3019.05
2024-11-04,3018.56,3036.26,2905.06,2964.6
2024-11-11,2964.6,2967.06,2802.11,2835.76
2024-11-18,2836.11,3016.46,2832.06,3014.47
2024-11-25,3013.79,3021.38,2897.86,2955.39
2024-12-02,2955.07,2968.61,2919.74,2940.19
2024-12-09,2959.38,3054,2937.73,2972.73
2024-12-16,2973.72,2994.84,2908.7,2964.24
2024-12-23,2963.21,2992.79,2942.01,2955.71
2024-12-30,2967.83,3032.26,2948.52,2997.92
2025-01-06,2997.04,3071.86,2968.62,3060.11
2025-01-13,3065.24,3105.61,3024.54,3078.22
2025-01-20,3087.71,3195.95,3070.27,3175.14
2025-01-27,3173.17,3248.16,3131.48,3211.37
2025-02-03,3232.41,3337.94,3196.82,3309.3
2025-02-10,3305.34,3423.14,3272.23,3357.02
2025-02-17,3355.21,3450.72,3347.01,3433.42
2025-02-24,3439.53,3462.54,3323.05,3342.74
2025-03-03,3351.89,3433.13,3346.44,3412.91
2025-03-10,3415.5,3542.74,3383.03,3496.97
2025-03-17,3515.87,4002.46,3502.75,3669.71
2025-03-24,3668.82,3771.95,3650.82,3755.77
2025-03-31,3762.68,3866.57,3674.05,3709.79
2025-04-07,3677.21,3970.31,3607.2,3959.93
2025-04-14,3945.88,4117.14,3901.66,4064.44
2025-04-21,4081.76,4305.04,4010.61,4096.71
2025-04-28,4098.43,4141.52,3958.21,4018.35
2025-05-05,4013.72,4270.45,4002.45,4142.38
2025-05-12,4106.36,4123.4,3888.56,4000.26
2025-05-19,4006.14,4223.13,3996.9,4200.03
2025-05-26,4204.5,4209.38,4079.81,4145.12
2025-06-02,4161.84,4304.94,4157.52,4171.99
2025-06-09,4160.07,4369.85,4140.27,4346.49
2025-06-16,4373.25,4377.23,4248.75,4292.72
2025-06-23,4306.49,4337.86,4172.53,4196.19
2025-06-30,4195.76,4318.44,4161.78,4273.15
2025-07-07,4278.85,4349.42,4217.08,4331.98
2025-07-14,4334.67,4368.85,4277.98,4347.52
2025-07-21,4349.15,4470.37,4331.37,4351.37
2025-07-28,4322.96,4394.9,4263.24,4393.86
2025-08-04,4397.13,4456.36,4372,4442.44
2025-08-11,4447.74,4456.29,4355.32,4374.77
2025-08-18,4382.24,4454.49,4350.95,4436.48
2025-08-25,4438.36,4569.01,4414.41,4557.82
2025-09-01,4562.39,4774.17,4539.11,4749.43
2025-09-08,4756.53,4876.25,4745.39,4840.91
2025-09-15,4838.57,4916.68,4809.35,4898.91
2025-09-22,4894,5056.81,4893.58,5020.81
2025-09-29,5022.8,5214.88,5016.56,5208.81
2025-10-06,5208.3,5443.59,5203.49,5402.94
2025-10-13,5376.99,5904.82,5369.46,5726.64
2025-10-20,5733.65,5895.3,5400.16,5541.37
2025-10-27,5526.01,5544.25,5242.28,5410.04
2025-11-03,5392.63,5465.8,5293.2,5428.38
2025-11-10,5429.19,5766.88,5426.66,5536.61
2025-11-17,5556.36,5628.01,5441.83,5542.59
2025-11-24,5545.69,5771.46,5509.35,5764.99
2025-12-01,5765.36,5821.74,5681.67,5737.97
2025-12-08,5744.06,5975.59,5706.63,5901.15
2025-12-15,5901.19,6010.23,5860.18,5961.91
2025-12-22,5968.54,6277.25,5961.2,6247.21
2025-12-29,6253.86,6278.76,5903.15,5991.29
2026-01-05,5987.16,6263.61,5987.16,6232.41
2026-01-12,6250.67,6443.54,6250.67,6393.98
2026-01-19,6392.1,6956.09,6392.1,6947.78
2026-01-26,6956.85,7812,6547.52,6843.91
2026-02-02,6683.68,7122.58,6156.8,6960.41
2026-02-09,6978.49,7182.06,6844.06,7079.44
2026-02-16,7064.45,7197.68,6795.68,7195.77
2026-02-23,7198.6,7457.9,7168.43,7453.6
2026-03-02,7463.42,7659.98,7063.29,7326.16
2026-03-09,7339.24,7416.61,7104.75,7130.84
2026-03-16,7105.37,7166.19,6375.88,6392.22
2026-03-23,6362.3,6561.57,5840.53,6416.31
2026-03-30,6423.05,6864.68,6313.55,6684.7
2026-04-06,6662.85,6960.73,6594.43,6807.31
2026-04-13,6725.36,7051.8,6658.71,6975.38
2026-04-20,6911.56,6971.59,6731.18,6811.85
2026-04-27,6829.66,6847.02,6534.57,6699.31
2026-05-04,6724.94,6931.23,6538.9,6871.43
2026-05-11,6828.33,6963.65,6605.12,6638.83
2026-05-18,6631.93,6724.18,6524.29,6628.03
2026-05-25,6658.05,6779.24,6442.03,6673.73
2026-06-01,6699.67,6707.45,6385.76,6407.78
2026-06-08,6411.39,6469.49,5968.87,6275.18
2026-06-15,6349,6525.43,6153.62,6203.02
2026-06-22,6186.05,6304.22,5917.07,6127.94
2026-06-29,6123.98,6311.54,5914.09,6281.09
2026-07-06,6276.45,6325.55,6057.75,6221.15
2026-07-13,6181.86,6203.7,5992.9,6090.15
2026-07-20,6072.06,6324.11,6037.15,6166.33
2026-07-27,6223.4,6280.68,6088.78,6172.69
2026-08-03,6227.47,6704.46,6141.45,6658.08
2026-08-10,6656.78,6832.95,6615.43,6736.59
2026-08-17,6738.3,7156.35,6663.18,7109.8
2026-08-24,7126.21,7262.55,6893.21,6906.18
2026-08-31,6874.09,7006.36,6647.4,6897.81
2026-09-07,6881.29,6921.68,6705.82,6786.96
2026-09-14,6788.23,6900.49,6624.04,6862.19
2026-09-21,6860.51,6875.13,6666.18,6738.93